,1,2,3,4,5,6,7,8,9,10,11,12,13,14,15,16,17,18,19,20,21,22,23,24,25,26,27,28,29,30,31,32,33,34,35,36,37,38,39,40,41,42,43,44,45,46,47,48,49,50,51,52,53,54,55,56,57,58,59,60,61,62,63,64,65,66
senang,24.4209,-3.81,4.36,88.43,37.13,-0.733748,629.673,770,-0.435567,322.17,-1.32978,510.34,527,-0.0516083,322.816,929.943,943,130.902,-0.0997435,51.5623,919.887,932,131.029,-0.0924471,49.0392,970.623,991,135.806,-0.150048,52.9062,742.132,833,258.737,-0.351198,0.976322,981.151,1000,137.222,-0.137362,53.0018,941.774,989,141.413,-0.33396,39.1457,981.151,1000,137.222,-0.137362,53.0018,945.094,989,140.536,-0.312416,40.8165,981.151,1000,137.222,-0.137362,53.0018,943.962,989,141.121,-0.319143,39.8929,1
senang,28.9232,-6.74,1.04,87.58,32.86,-1.3307,440.466,576,-0.414769,326.771,-0.500158,451.236,431,0.0736344,274.817,933.522,951,142.003,-0.123084,44.0198,915.87,943,139.902,-0.193925,43.2373,959.826,983,144.664,-0.160191,45.7948,565.239,500,200.178,0.325905,2.35796,977.37,1000,147.287,-0.153649,45.827,953.174,979,145.523,-0.177471,43.3376,978.283,1000,147.292,-0.147444,46.003,954.065,977,144.658,-0.158545,44.6373,957.261,978,144.233,-0.143789,45.8542,942.109,961,144.359,-0.130863,42.663,1
senang,27.1528,-6.23,0.52,87.51,31.78,-1.63204,481.328,688,-0.561314,368.194,-1.17568,495.956,451,0.141703,317.256,960.298,977,143.54,-0.116359,46.2084,928.021,945,138.602,-0.1225,46.3648,965.638,991,144.347,-0.1757,46.1972,518.213,334,228.276,0.806972,-0.260921,951.043,958,142.951,-0.0486702,45.1206,959.128,986,143.543,-0.187208,45.9641,978.745,1000,145.716,-0.145868,47.0038,951.043,976,142.86,-0.174699,45.2417,960.021,978,143.78,-0.125043,45.8235,940.681,959,141.934,-0.129068,44.3873,1
senang,25.0225,-7.25,1.04,87.4,31.04,-1.61292,428.552,558.5,-0.370842,350.414,-1.0068,479.94,478,0.00626789,309.514,953.592,977,139.505,-0.167795,48.131,942.184,958,138.668,-0.114059,46.9101,966.878,991,141.2,-0.170839,48.4954,442.735,334,196.861,0.552343,1.02279,973.612,1000,142.61,-0.185034,47.8809,913.714,933,136.425,-0.141365,44.1169,979.612,1000,142.712,-0.14286,49.0035,944.082,965,139.203,-0.150273,46.5449,956.408,978,139.799,-0.154449,48.3042,914.449,934,136.724,-0.142996,43.8535,1
senang,25.6878,-1.09,1.04,89.17,32.6,-1.38298,568.446,778,-0.543142,385.819,-1.50353,509.944,562,-0.155365,335.056,943.255,965,135.079,-0.16098,50.2062,915.647,927,131.861,-0.086098,49.0252,974.235,991,139.066,-0.120552,50.9065,980.412,1000,139.885,-0.140031,51.0039,980.412,1000,139.885,-0.140031,51.0039,917.078,934,133.406,-0.126843,46.9654,980.412,1000,139.885,-0.140031,51.0039,939.412,960,135.539,-0.151899,48.6338,976.804,1000,139.627,-0.166129,50.6061,942.745,960,136.329,-0.126568,48.167,1
senang,25.7291,-5.98,2.08,-90,32.84,-1.50318,438.621,594.5,-0.434851,358.466,-0.508616,405.404,377,0.0978776,290.199,945.979,963,141.197,-0.12055,46.4894,951.957,970,142.488,-0.126625,45.9378,962.872,982,143.662,-0.133144,46.5709,978.745,1000,145.716,-0.145868,47.0038,976.872,1000,145.714,-0.15872,46.6244,935.851,958,140.409,-0.157746,45.4723,978.745,1000,145.716,-0.145868,47.0038,949,975,142.116,-0.182949,45.8394,962.149,977,143.751,-0.103311,46.2994,950.319,973,142.892,-0.158727,45.0507,1
senang,28.1502,-5.98,0.55,88.34,33.19,-1.49254,449.336,601,-0.429488,353.127,-0.496825,379.608,352,0.0968161,285.159,943.375,963,139.981,-0.140197,46.4596,923.458,943,138.804,-0.140786,43.9696,961.5,982,142.416,-0.143944,46.8178,389.5,334,172.872,0.321047,5.7485,957.313,958,142.517,-0.004824,45.8152,937.375,959,140.15,-0.154299,44.9755,979.188,1000,144.193,-0.144338,48.0009,938.271,953,139.677,-0.105452,45.8189,963.604,978,142.885,-0.100751,46.5989,941.604,973,141.171,-0.222396,44.4492,1
senang,23.0901,-3.81,3.81,89.13,34.55,-1.32948,569.396,777,-0.552652,375.65,-1.47617,493.944,485.5,0.0250334,337.309,926.059,946,133.881,-0.148947,48.2188,920.275,938,133.906,-0.132373,46.9148,973.176,991,138.907,-0.128313,50.9184,264.725,250,116.267,0.126652,33.8559,980.412,1000,139.885,-0.140031,51.0039,919.294,932,133.282,-0.0953308,47.6371,980.412,1000,139.885,-0.140031,51.0039,916.706,937,132.183,-0.15353,48.7561,958.314,977,136.769,-0.136627,50.9412,919.882,937,132.91,-0.128791,48.3385,1
senang,26.7343,-2.99,2.86,-90,33.36,-1.10841,584.327,771,-0.526606,354.483,-1.41767,593.276,646.5,-0.180407,295.022,925.327,937,132.03,-0.0884124,49.8101,906.654,925,130.542,-0.140538,47.9334,978.788,1000,138.313,-0.153359,51.9059,201.654,112,212.022,0.422852,4.06845,980.788,1000,138.536,-0.138675,52.0005,902.135,912,129.396,-0.0762419,48.7146,980.788,1000,138.536,-0.138675,52.0005,891,908,129.494,-0.13128,46.0606,980.788,1000,138.536,-0.138675,52.0005,891,908,129.494,-0.13128,46.0606,1
senang,24.4578,-3.81,4.16,-90,35.34,-1.16115,563.802,744,-0.519811,346.661,-1.46447,549.964,632,-0.24584,333.696,946,964,135.006,-0.133328,49.7682,923.904,923.5,135.276,0.00298536,44.6194,965.731,982,136.49,-0.119197,51.8669,237.096,63,298.129,0.583963,1.02175,980.788,1000,138.536,-0.138675,52.0005,834.115,827,131.823,0.0539768,32.251,980.788,1000,138.536,-0.138675,52.0005,839.904,826,132.6,0.104855,32.3949,978.135,1000,138.359,-0.158033,51.6847,831.077,821,132.862,0.0758449,30.6849,1
sedih,14.4992,-9.87,9,-88.53,25.98,-1.54736,462.99,376,0.23231,374.456,-0.760192,463.408,438,0.0895923,283.596,940.157,967,137.563,-0.195133,45.8101,939.275,969,135.285,-0.219725,48.9925,962.529,984,137.508,-0.15614,50.7257,571.118,695,329.224,-0.376286,-1.08215,980.412,1000,139.885,-0.140031,51.0039,787.863,809,138.685,-0.152412,20.6751,980.412,1000,139.885,-0.140031,51.0039,914.667,939,138.054,-0.17626,40.1093,968.059,979,138.504,-0.0789952,50.4076,913.098,938,138.56,-0.179719,39.1908,2
sedih,18.1546,-8.9,8.06,88.64,25.99,-1.68666,435.188,369,0.171848,385.154,-0.49449,505.66,470,0.14757,241.648,939.788,959,134.824,-0.142493,48.6689,949.058,970,135.63,-0.154407,49.4753,971.346,991,137.304,-0.143141,51.835,543.635,566.5,299.186,-0.0764252,-0.864448,980.788,1000,138.536,-0.138675,52.0005,814.75,816,134.882,-0.00926735,26.3999,980.788,1000,138.536,-0.138675,52.0005,924.788,933,134.431,-0.0610837,46.0143,969.077,979,137.274,-0.0722869,51.3714,896.365,920,133.276,-0.177335,41.7843,2
sedih,15.9617,-10.35,7.92,87.06,25.18,-1.69674,438.089,361,0.192395,400.681,-0.313937,490.576,478,0.0541068,232.429,948.76,979,138.857,-0.217778,46.8753,951.84,984,139.391,-0.230718,46.7568,962.1,984,138.843,-0.157732,49.7721,524.66,611,282.585,-0.305536,-0.883091,980.02,1000,141.279,-0.141422,50.0011,798.22,800,132.14,-0.0134705,27.7405,980.02,1000,141.279,-0.141422,50.0011,923.08,935,136.165,-0.0875411,45.3311,965.32,979,139.481,-0.0980782,49.5115,893.18,909,132.903,-0.119034,43.6843,2
sedih,16.6956,-5.46,4.29,-90,20.97,-1.42835,411.842,272,0.389779,358.772,-0.508109,485.092,438,0.181334,259.697,956.25,987,139.02,-0.221192,45.9997,953.423,971,135.124,-0.13008,51.258,967.25,984,136.731,-0.122503,51.8248,772.058,838,239.2,-0.275679,3.9541,980.788,1000,138.536,-0.138675,52.0005,911.462,930,133.372,-0.138998,44.7355,980.788,1000,138.536,-0.138675,52.0005,914.212,940,135.788,-0.189917,41.9746,975.135,1000,138.054,-0.180114,51.4957,918.365,938,135.68,-0.144713,42.9385,2
sedih,19.1617,-10.83,10.39,-88.75,29.74,-1.57709,471.475,466,0.0148735,368.122,-0.956975,448.832,417,0.108175,294.265,963.255,986,138.898,-0.163754,48.7578,963.157,984,137.84,-0.151212,50.3484,980.412,1000,139.885,-0.140031,51.0039,442.137,455,263.329,-0.0488466,-0.504765,980.412,1000,139.885,-0.140031,51.0039,809.922,809,134.869,0.00683305,26.3834,980.412,1000,139.885,-0.140031,51.0039,909.275,923,133.103,-0.103119,45.7268,980.412,1000,139.885,-0.140031,51.0039,892.941,910,132.514,-0.128733,43.1321,2
sedih,15.305,-8.9,7.43,84.81,22.14,-1.4403,436.317,291,0.405251,358.585,-0.595766,466.416,419,0.172732,274.506,942.509,974,136.596,-0.230538,45.5467,952.283,970,134.857,-0.131376,50.2626,954.434,968,133.733,-0.101441,52.5811,652.34,815,332.155,-0.489712,-0.556871,976.509,1000,137.197,-0.171218,51.9856,889.019,906,131.599,-0.129037,41.6114,981.151,1000,137.222,-0.137362,53.0018,919.623,938,132.863,-0.138318,46.158,960.264,979,134.627,-0.139168,52.4548,925.925,936,132.858,-0.0758363,47.5299,2
sedih,16.954,-11.79,9.87,87.27,27.92,-1.53966,412.198,400,0.0341972,356.696,-0.263128,512.732,492,0.0873456,237.356,952.077,975.5,136.061,-0.172152,49.4773,951.327,969,136.267,-0.129694,48.9955,964.327,984,136.394,-0.144237,51.701,489.827,556,329.909,-0.20058,-1.46975,980.788,1000,138.536,-0.138675,52.0005,759.423,738,143.589,0.149197,14.8146,980.788,1000,138.536,-0.138675,52.0005,884.192,897,130.291,-0.0983005,43.4302,967.462,979,137.019,-0.0842109,51.4126,849.538,859,129.724,-0.0729358,37.3242,2
sedih,16.8158,-8.28,6.45,-88.49,24.1,-1.63295,413.881,231,0.445519,410.49,-0.134879,477.5,460,0.0751085,232.996,945,972,135.633,-0.199066,48.5757,959.038,985,136.75,-0.189847,49.9508,962.635,983,136.196,-0.14953,51.6342,444.981,467,281.261,-0.0782874,-1.01056,962.654,1000,137.492,-0.271624,49.6029,779.25,766,140.403,0.0943715,18.2364,980.788,1000,138.536,-0.138675,52.0005,894.942,898,133.778,-0.0228564,40.8389,952.154,979,134.969,-0.198906,51.218,885.346,880,135.295,0.0395149,37.1569,2
sedih,12.798,-13.21,11.79,86.42,25.58,-1.59631,412.861,354,0.154324,381.414,0.345685,425.508,396,0.138569,212.949,953.24,979,139.317,-0.184902,47.1579,962.58,984,139.925,-0.153081,48.2565,959.54,976,138.471,-0.11887,49.7754,430.82,385,314.904,0.145505,-1.41962,979.2,1000,141.278,-0.147227,49.8245,649.88,651,146.811,-0.00762888,7.96307,980.02,1000,141.279,-0.141422,50.0011,866.18,881,133.09,-0.111353,38.0769,961.98,979,138.906,-0.122529,49.6496,817,822,132.121,-0.0378442,30.6225,2
sedih,16.456,-7.77,5.96,-88.49,23.68,-1.67162,396.792,207,0.473053,401.207,-0.117884,454.924,455,-0.000330399,230.025,945.843,972,137.855,-0.189742,46.5822,932.922,944,134.661,-0.082269,48.543,965.255,983,137.998,-0.12859,50.5707,366.196,267,329.968,0.300624,-1.06377,978,1000,139.883,-0.157275,50.4764,779.392,793,142.625,-0.0954098,17.3687,980.412,1000,139.885,-0.140031,51.0039,904.137,914,135.232,-0.0729319,41.7084,961.941,979,137.576,-0.123995,50.4881,895.275,911,135.115,-0.116386,40.1319,2
terkejut,30.2584,-4.47,3.81,-89.31,37.41,-0.58662,658.787,803,-0.496977,290.18,-1.22594,539.38,553.5,-0.0455837,309.76,906.5,917,134.278,-0.0781961,44.535,924.84,950,136.321,-0.184564,45.4753,970.58,992,140.224,-0.152756,49.538,653.52,684,168.694,-0.180682,4.24211,980.02,1000,141.279,-0.141422,50.0011,950.92,989,146.14,-0.260572,38.0786,980.02,1000,141.279,-0.141422,50.0011,938.74,962,138.149,-0.168369,45.7879,974.56,1000,140.796,-0.180686,49.5419,934.32,953,137.258,-0.136094,46.1313,3
terkejut,28.2866,-3.98,2.99,87.71,34.47,-1.63699,545.36,763,-0.554516,392.486,-1.45316,549.296,551,-0.00520479,327.391,932.373,948,133.927,-0.116687,49.562,921.314,938,133.062,-0.125402,48.4237,967.627,983,138.213,-0.111224,50.7644,628.902,769,269.678,-0.519501,-0.661521,945.039,959,135.489,-0.10304,49.9656,888.725,935,139.024,-0.332854,34.3819,980.412,1000,139.885,-0.140031,51.0039,872.176,901,133.07,-0.216605,38.288,962.294,979,137.469,-0.121525,50.7348,867.529,901,132.549,-0.252515,38.0544,3
terkejut,31.7197,-3.64,1.49,-89.27,35.39,-1.66526,545.192,789,-0.61567,396.004,-1.37967,551.216,568.5,-0.0574615,300.793,916.882,927,132.415,-0.0764088,48.4363,936.549,950,135.13,-0.0995414,48.6278,960.961,983,137.382,-0.160423,50.5723,445.471,357,253.905,0.348439,-0.920363,962.725,1000,138.859,-0.268434,48.7032,869.961,883,133.885,-0.0973908,36.9134,980.412,1000,139.885,-0.140031,51.0039,853.118,864,133.386,-0.0815852,34.487,951.608,979,136.194,-0.201127,50.3362,852.176,860,131.737,-0.0593874,36.2407,3
terkejut,28.5337,0,0,-90,33.46,-1.8155,506.24,726,-0.522453,420.631,-1.49423,523.924,512.5,0.0347011,329.212,940.904,956,133.949,-0.112701,50.2904,944.712,964,135.354,-0.142503,48.9407,959.865,975,135.875,-0.111386,51.5199,284.596,215,234.542,0.296732,1.19753,940.596,959,133.093,-0.138278,51.6052,821.231,828,130.235,-0.051977,31.7682,980.788,1000,138.536,-0.138675,52.0005,820.712,824,128.374,-0.0256163,33.722,954.135,979,135.233,-0.183871,51.245,817.5,823,128.859,-0.0426822,32.6619,3
terkejut,32.1671,-3.27,0,87.51,32.57,-1.55214,444.026,595.5,-0.423925,357.313,-1.07483,443.124,425,0.0626111,289.469,890.592,900,134.58,-0.0699078,41.9214,897.673,914,136.076,-0.119981,41.3551,944.224,966,138.167,-0.157602,48.0802,350.694,334,236.124,0.0706996,1.19689,940.184,958,137.487,-0.129586,48.2132,726.49,715,146.561,0.0783962,12.3806,979.612,1000,142.712,-0.14286,49.0035,754.143,752,144.204,0.0148599,15.8643,952.673,978,139.401,-0.181682,48.0864,748.796,740,142.42,0.0617603,15.9381,3
terkejut,35.4145,-3.98,2.49,88.87,42.18,-1.41252,565.939,766,-0.544686,367.297,-1.38319,545.988,599,-0.163525,324.184,912.647,913,135.577,-0.00260325,42.946,918.961,916,136.836,0.0216374,42.5177,968.765,991,138.466,-0.160583,50.6234,238.608,39,363.29,0.549446,0.0214342,973.176,1000,139.743,-0.191949,49.6358,856.725,990,193.087,-0.690232,5.98796,980.412,1000,139.885,-0.140031,51.0039,842.118,955,180.807,-0.624324,7.77491,956.706,979,136.761,-0.163016,50.592,847.118,963,181.619,-0.638051,7.84219,3
terkejut,32.3147,-4.16,2.08,87.61,33.92,-1.2003,420.931,519,-0.306644,319.813,-0.353139,401.14,395,0.02479,247.681,859.787,863,135.431,-0.0237225,36.9375,841.128,853,139.253,-0.0852576,29.8075,951.191,974,142.047,-0.16057,46.3892,335.234,42,391.507,0.748989,-1.57687,968.021,1000,145.294,-0.220096,45.3994,883.277,979,185.687,-0.515509,10.0279,978.745,1000,145.716,-0.145868,47.0038,873.894,953,169.369,-0.467066,14.6595,951.851,978,142.298,-0.183762,46.1784,895.553,980,175.608,-0.480882,13.8461,3
terkejut,33.6829,-1.09,-1.04,-90,31.35,-1.64138,453.414,634,-0.493001,366.3,-0.863131,448.688,414,0.116849,296.861,855.826,859.5,136.907,-0.0268351,35.4958,886.761,905,140.333,-0.12997,37.1349,950.696,973,143.439,-0.155497,45.5868,140.022,120,159.701,0.12537,19.1972,975.413,1000,147.27,-0.166952,45.4577,729.326,715,154.332,0.0928267,10.6984,978.283,1000,147.292,-0.147444,46.003,758.674,752,143.555,0.0464903,17.3324,955.348,977,144.028,-0.150333,45.7408,736.261,717,152.728,0.126112,11.7848,3
terkejut,32.4637,-3.64,1.56,87.51,32.5,-1.36025,418.931,541.5,-0.374233,327.521,-0.584771,407.436,392,0.0588719,262.196,857.188,862.5,136.393,-0.0389498,34.4594,851.979,875,137.387,-0.167562,32.5112,951.75,974,140.406,-0.158469,47.6258,106.292,42,187.789,0.342362,19.4412,943.313,958,139.608,-0.105205,46.9803,793.375,747,174.908,0.26514,7.63709,979.188,1000,144.193,-0.144338,48.0009,809.458,778,169.256,0.185863,9.94398,939.25,957,138.674,-0.127998,47.4606,805.021,750,173.926,0.316346,8.41767,3
terkejut,31.4921,-3.81,0,89.14,32.3,-1.64417,443.207,637,-0.532488,363.939,-1.09826,461.648,414,0.15518,307.051,897.426,907,137.403,-0.0696815,41.6907,890.872,902,137.898,-0.0806947,39.778,957.404,974,143.063,-0.116003,46.2694,86.3191,77,140.95,0.0661166,40.5493,940.319,958,140.374,-0.125956,46.4589,729.617,696,161.989,0.207526,8.21848,978.745,1000,145.716,-0.145868,47.0038,759.191,731,153.58,0.183562,12.5206,952.064,978,142.273,-0.182299,46.2572,753.128,727,161.209,0.162073,9.73264,3
jijik,20.9901,-14.62,13.13,-88.81,32.56,-1.40858,453.04,421,0.0949165,337.556,-0.125472,639.064,649,-0.0458993,216.474,919.327,930,136.719,-0.0780688,44.8753,888.204,892,140.419,-0.0270327,34.5196,975.694,1000,142.44,-0.170641,48.5659,413.429,313,360.682,0.278441,-1.73954,979.612,1000,142.712,-0.14286,49.0035,836.408,867,146.483,-0.208842,22.0982,979.612,1000,142.712,-0.14286,49.0035,885.224,904,137.458,-0.136591,37.2791,977.041,1000,142.508,-0.161108,48.7537,879.469,891,136.159,-0.0846848,37.763,4
jijik,17.9627,-14.15,10.39,-90,28.07,-1.49251,425.644,462,-0.103113,352.587,-0.492162,597.744,660,-0.226803,274.494,911.843,924,132.582,-0.0916935,47.0626,910.529,920,133.81,-0.0707766,44.9792,973.824,1000,139.427,-0.187743,50.2574,339.431,308,263.28,0.119384,-0.784586,977.196,1000,139.872,-0.163035,50.3174,775.882,769,147.048,0.0468034,14.8966,980.412,1000,139.885,-0.140031,51.0039,887.863,892,134.03,-0.0308682,40.0904,976.784,1000,139.831,-0.166027,50.2894,884.196,910,134.257,-0.192198,39.0923,4
jijik,28.3437,-13.3,4.97,89.17,34.26,-1.54814,405.948,338,0.199726,340.208,-0.833574,541.612,585,-0.148854,291.481,864.396,867,136.974,-0.0190121,35.0914,863.833,861,137.365,0.0206263,34.542,966.146,991,142.607,-0.174284,47.5187,266.688,200,215.669,0.309212,7.46808,978.313,1000,144.19,-0.150409,47.8211,905.563,943,150.695,-0.248433,28.4497,979.188,1000,144.193,-0.144338,48.0009,901.875,947,148.434,-0.304007,29.6857,964.542,978,142.613,-0.0943699,47.1758,896.896,938,151.133,-0.271973,26.7647,4
jijik,17.4787,-12.26,8.9,88.7,28.12,-1.66114,459.168,493,-0.0883514,382.922,-0.553607,505.064,558,-0.197826,267.589,847.712,841.5,130.204,0.0477062,36.4062,886.577,892,133.025,-0.0407675,40.207,963.558,984,136.696,-0.149546,51.0455,346.192,91,308.571,0.827013,-0.89933,976.846,1000,138.516,-0.167156,51.1495,764.635,772,143.054,-0.0514868,15.3808,980.788,1000,138.536,-0.138675,52.0005,849.923,865,131.626,-0.114543,35.0861,968.365,979,137.456,-0.0773674,50.9231,857.385,881,133.042,-0.177504,34.7782,4
jijik,23.8277,-7.92,7.13,-89.09,33.24,-1.60717,430.495,442,-0.0318553,361.163,-0.782658,573.94,636,-0.233823,265.415,910.923,916,132.936,-0.0381908,45.2608,832.365,814,140.727,0.130504,24.0795,978.481,1000,138.321,-0.155574,51.8232,281.942,72,295.469,0.710539,-0.290304,980.788,1000,138.536,-0.138675,52.0005,849.5,911,157.658,-0.390085,15.7108,980.788,1000,138.536,-0.138675,52.0005,907.904,938,143.509,-0.209716,32.0746,979.981,1000,138.479,-0.144565,51.909,904.135,938,143.456,-0.236067,31.5471,4
jijik,28.9466,-11.81,3.48,89.18,33.58,-1.58953,382.259,218,0.449896,365.103,-1.11995,511.068,545,-0.110908,305.947,889.854,901,134.766,-0.0827048,42.5795,939.25,957,140.02,-0.126767,45.5449,971.146,991,143.291,-0.138558,47.5965,279.063,154,330.249,0.378692,0.364362,977.438,1000,144.184,-0.156484,47.6473,844.646,910.5,165.737,-0.397342,13.3605,979.188,1000,144.193,-0.144338,48.0009,866.875,936,158.269,-0.436757,18.6479,972.354,1000,143.684,-0.192408,47.2948,862.833,937,163.482,-0.45367,15.7239,4
jijik,20.7742,-10.83,10.39,-88.92,32.22,-1.42137,459.614,441,0.0540704,344.253,0.106542,603.548,651,-0.22291,212.875,934.269,950,133.518,-0.117818,49.4748,812.077,801,142.354,0.0778126,20.6107,979.25,1000,138.39,-0.149939,51.8874,125.442,63,224.646,0.277959,11.0276,980.788,1000,138.536,-0.138675,52.0005,736.038,697,148.427,0.263014,11.5299,980.788,1000,138.536,-0.138675,52.0005,892.135,903,129.861,-0.0836695,45.7597,980.385,1000,138.507,-0.14162,51.9557,901.558,914,131.004,-0.0949767,46.0995,4
jijik,28.6001,-12.8,5.19,89.17,35.44,-1.49027,396.784,315.5,0.241972,335.924,-0.731871,565.452,634,-0.230999,296.745,837.043,843,137.052,-0.0434616,32.1657,899.022,913,140.856,-0.0992377,38.7845,962.978,991,145.676,-0.192357,45.0778,111.043,44,206.965,0.323936,10.712,975.543,1000,147.254,-0.166084,45.5042,877.326,905,138.411,-0.19994,37.6318,978.283,1000,147.292,-0.147444,46.003,870.891,910,150.274,-0.260249,25.5654,969.739,1000,147.036,-0.205806,44.638,879.391,905,143.497,-0.178462,32.5148,4
jijik,17.9084,-11.31,3.98,88.75,24.96,-1.53918,363.698,206.5,0.441193,356.303,-0.983879,505.948,528,-0.0748504,294.614,893.383,905,137.015,-0.0847862,41.3928,897.404,901,138.661,-0.0259319,40.0938,964.34,991,144.074,-0.185041,46.3054,171.936,40,298.728,0.44166,2.63398,974.277,1000,145.639,-0.176625,46.1981,908.064,929,142.095,-0.147339,37.964,978.745,1000,145.716,-0.145868,47.0038,900.277,946,153.777,-0.297335,25.9278,964.809,978,144.508,-0.0912856,45.8092,912.128,962,150.14,-0.332173,30.4656,4
jijik,28.4269,-11.31,4.97,-89.1,32.99,-1.48973,345.69,172,0.480866,361.202,-1.09394,531.372,551,-0.0653042,300.562,866.083,866,136.627,0.000609935,35.769,915.708,924,139.242,-0.0595488,41.8419,961.375,991,142.679,-0.207633,46.4239,166.292,39,251.692,0.505743,4.6799,936.583,959,138.762,-0.161547,46.7604,876.604,942,167.713,-0.389927,15.2219,979.188,1000,144.193,-0.144338,48.0009,885.75,950.5,155.848,-0.41547,22.0931,953.375,979,141.549,-0.181033,46.343,879.458,955.5,162.54,-0.467835,17.7146,4
marah,22.9005,-14.42,6.23,-89.05,33.45,-1.38481,484.112,522,-0.116336,325.677,-0.817056,559.772,625,-0.227742,286.412,956.271,975,141.206,-0.132637,47.4363,902.104,916,135.073,-0.102876,44.6999,963.75,991,142.248,-0.191567,47.5268,669.313,733,270.952,-0.235051,1.43514,959.938,1000,142.899,-0.280354,45.8262,864.771,876,133.797,-0.0839266,38.8496,979.188,1000,144.193,-0.144338,48.0009,895.667,905,134.703,-0.0692884,43.8653,968.188,1000,143.139,-0.22225,47.1947,865.333,873,131.583,-0.0582649,41.8549,5
marah,22.7484,-8.9,7.13,-89.01,31.53,-1.29127,472.614,559,-0.271634,318.025,-1.08368,569.864,634,-0.220061,291.447,918.115,931.5,131.266,-0.101966,49.382,901.577,907,129.908,-0.0417454,47.7767,972.942,1000,138.527,-0.195325,50.2694,552.904,750,335.145,-0.588093,-1.6017,976.058,1000,138.498,-0.172872,51.0029,904.865,941,140.277,-0.257595,34.905,980.788,1000,138.536,-0.138675,52.0005,911.135,964,142.82,-0.370155,33.2577,975.25,1000,138.658,-0.178496,50.574,919.5,963,139.571,-0.311669,38.2257,5
marah,30.9469,-13.3,6.74,88.06,32.74,-1.3583,492.181,527.5,-0.107472,328.634,-0.587842,590.244,609,-0.0674662,278.006,956.188,975,141.13,-0.133299,47.5275,916.667,933,136.284,-0.119848,46.0709,966.583,991,142.694,-0.171112,47.4878,800.292,857,183.797,-0.308538,11.6089,964.313,1000,143.425,-0.248824,45.9985,884.667,896,133.604,-0.0848279,43.0913,979.188,1000,144.193,-0.144338,48.0009,932.729,955,139.578,-0.159558,44.8093,970.938,1000,143.446,-0.202603,47.3348,920,937,137.058,-0.124035,45.6722,5
marah,21.367,-13.3,7.25,88.03,32.74,-1.48204,462.698,554,-0.270858,337.084,-0.759164,573.2,627,-0.194555,276.528,951.396,967,140.407,-0.111135,47.5491,927.333,935,138.633,-0.0553017,45.0021,973.042,991,143.458,-0.125181,47.7564,818.771,846,160.586,-0.169561,13.6595,973.938,1000,144.102,-0.180862,47.0376,891.979,896,136.228,-0.0295156,41.0742,979.188,1000,144.193,-0.144338,48.0009,946.125,969,140.553,-0.16275,46.228,976.438,1000,143.974,-0.163658,47.7354,950.688,976,140.77,-0.179814,46.8786,5
marah,22.3631,-13.79,7.25,87.95,32.01,-1.21641,417.75,452,-0.108253,316.389,-0.716692,541.488,590,-0.180596,268.621,902.021,905,136.919,-0.0217586,42.1642,870.979,874.5,135.157,-0.0260499,38.3901,970.563,991,143.016,-0.142903,47.8649,583.354,600,245.963,-0.0676762,0.403338,979.188,1000,144.193,-0.144338,48.0009,863.354,868,134.251,-0.0346056,38.0244,979.188,1000,144.193,-0.144338,48.0009,913.563,953,146.09,-0.269953,33.6772,958.563,978,141.22,-0.13764,47.9032,899.646,929,142.758,-0.205622,34.8183,5
marah,23.8807,-12.8,6.23,87.95,31.26,-1.52109,454.147,491.5,-0.109162,342.183,-0.589703,614.716,695,-0.283937,282.753,909.915,923,137.754,-0.0949892,43.7564,898,910,137.393,-0.0873405,41.8339,968.106,991,144.218,-0.158743,46.8823,721.787,866,295.684,-0.487727,1.03853,977.851,1000,145.713,-0.152004,46.8255,884.809,893,135.895,-0.0602781,41.1415,978.745,1000,145.716,-0.145868,47.0038,927.149,968,148.643,-0.274827,34.1854,957.234,978,142.583,-0.145641,46.9021,926.255,963,147.898,-0.248447,34.7929,5
marah,27.0349,-11.31,7.59,-89.17,35.54,-0.785444,594.168,674,-0.267166,298.81,-0.817992,563.208,583,-0.085352,231.887,914.462,926,131.338,-0.0878533,48.4416,840.5,806,137.583,0.250758,27.6756,975.865,1000,138.528,-0.174221,50.9122,225.135,112,277.6,0.407546,2.60262,978.423,1000,138.536,-0.155749,51.4696,814.077,825,129.396,-0.084416,31.4996,980.788,1000,138.536,-0.138675,52.0005,888.288,930,147.883,-0.282058,25.7229,977.212,1000,138.555,-0.164473,51.1703,859.269,887,136.766,-0.202761,31.1958,5
marah,21.5171,-9.87,7.13,-88.98,30.82,-1.44244,520.703,620,-0.286766,346.265,-0.981521,511.444,579,-0.24913,271.167,911.18,922,137.356,-0.0787731,41.3153,927.56,935,136.814,-0.0543804,45.3449,969.46,1000,141.052,-0.216515,48.0727,272.22,67,271.485,0.755915,-0.656687,975.1,1000,141.211,-0.176332,49.0415,770.78,774,142.94,-0.0225269,16.9794,980.02,1000,141.279,-0.141422,50.0011,808.82,830,152.16,-0.139196,15.686,973.42,1000,141.397,-0.187981,48.4095,798.66,804,143.36,-0.0372489,19.4708,5
marah,25.6252,-13.21,10.39,-89.1,35.86,-0.295821,610.703,686,-0.26448,284.699,-0.901458,486.2,521,-0.146132,238.141,896.212,900.5,130.107,-0.032961,46.273,820.731,797,134.623,0.176275,27.4917,975.404,1000,138.575,-0.177493,50.7368,213.673,84,273.583,0.473981,1.33431,976.846,1000,138.516,-0.167156,51.1495,867.173,855,131.201,0.0927816,38.7889,980.788,1000,138.536,-0.138675,52.0005,934.019,989,149.975,-0.366599,30.0903,976.038,1000,138.56,-0.172932,50.9012,915.846,945,139.253,-0.209359,37.9816,5
marah,21.5013,-7.43,5.24,88.98,28.97,-1.58713,466.693,538,-0.198956,358.405,-0.976466,538.732,583,-0.171691,257.835,928.294,941,133.885,-0.0949017,48.7116,948.725,968,136.396,-0.141313,49.3789,964.255,984,138.453,-0.142612,49.6477,183.314,67,193.955,0.599695,5.18884,975.608,1000,140.064,-0.17415,49.6794,826.765,833,126.556,-0.0492689,37.7978,980.412,1000,139.885,-0.140031,51.0039,832.863,841,128.223,-0.063462,36.8743,972.706,1000,139.873,-0.195135,49.339,833.431,833,125.39,0.00344024,40.7154,5
takut,28.9456,-6.94,2.86,-89.23,33.91,-1.66649,506.16,640,-0.354879,377.142,-1.34389,529.032,561.5,-0.107615,301.705,939.451,963,135.592,-0.173676,48.5613,931.471,946,133.758,-0.108625,49.6232,978.059,1000,139.782,-0.156967,50.6445,661.922,692,191.465,-0.157096,3.72609,978.804,1000,139.888,-0.151522,50.6448,921.706,955,137.499,-0.242142,42.1708,980.412,1000,139.885,-0.140031,51.0039,917.333,942,134.564,-0.183309,45.3174,978.804,1000,139.888,-0.151522,50.6448,887.176,903,131.066,-0.120729,43.9725,6
takut,29.7954,-4.97,2.39,-90,34.35,-1.66506,544.56,747,-0.510195,396.789,-1.29871,599.248,654,-0.193832,282.472,937.6,955,136.156,-0.127795,48.462,899.86,919,132.367,-0.144597,45.875,977.62,1000,141.118,-0.158591,49.7231,630.64,667,231.975,-0.156741,0.891952,979.2,1000,141.278,-0.147227,49.8245,884.4,903,133.955,-0.138853,40.4808,980.02,1000,141.279,-0.141422,50.0011,904.88,929.5,137.809,-0.178654,39.5527,977.94,1000,141.179,-0.156256,49.7008,912.08,940,137.514,-0.203034,41.2863,6
takut,29.819,-6.45,4.29,-89.25,35.54,-1.60574,505.504,624,-0.318199,372.396,-1.35022,554.164,616,-0.19857,311.407,956.451,977,136.731,-0.150288,50.581,952.706,972,136.487,-0.141363,50.124,979.941,1000,139.832,-0.143449,50.9821,467.529,538,204.943,-0.343854,0.544457,980.412,1000,139.885,-0.140031,51.0039,875.588,900,130.689,-0.186793,42.075,980.412,1000,139.885,-0.140031,51.0039,902.039,922,132.34,-0.150829,45.2857,980.412,1000,139.885,-0.140031,51.0039,900.608,920,133.496,-0.145264,43.3409,6
takut,30.2818,-4.47,4.47,88.49,36,-1.58573,520.352,696,-0.470254,373.517,-1.14196,615.492,662,-0.15947,291.642,942.824,950,135.954,-0.0527861,48.7534,898.667,914,130.672,-0.117342,47.051,964.431,983,137.813,-0.134738,50.6753,573.196,556,189.867,0.0905692,1.67874,978.804,1000,139.888,-0.151522,50.6448,898.49,924,140.508,-0.181554,34.4436,980.412,1000,139.885,-0.140031,51.0039,901.373,924,137.419,-0.16466,38.4177,962.745,979,137.678,-0.118065,50.5094,894.196,915,136.584,-0.152316,38.1043,6
takut,29.0051,-8.66,1.56,-90,31.72,-1.5795,442.612,548,-0.301909,349.072,-0.895211,471.872,463.5,0.0282892,295.943,913.837,924,135.006,-0.0752799,46.1586,928.49,942,136.182,-0.0992067,47.6028,954.714,974,139.48,-0.138268,48.4094,683.694,500,264.006,0.695796,-1.05664,950.469,958,139.772,-0.0538778,47.0786,937.265,957,138.144,-0.142856,46.6192,979.612,1000,142.712,-0.14286,49.0035,950.714,976,140.818,-0.179563,45.6522,963.449,978,140.821,-0.10333,48.3175,951.898,986,140.411,-0.242873,46.4657,6
takut,30.046,-8.13,2.6,89.13,32.6,-1.50712,432.491,581,-0.446996,332.237,-0.903267,438.796,423,0.0533041,296.337,912.857,923,134.84,-0.0752217,46.1922,927.082,941,136.305,-0.102112,47.1174,942.612,957,137.947,-0.104299,48.0577,531.082,667,234.663,-0.579206,-0.376935,941.898,958,137.97,-0.116707,47.8696,948.102,971,140.043,-0.163507,46.1943,979.612,1000,142.712,-0.14286,49.0035,948.653,976,139.88,-0.195503,46.54,953.571,978,139.635,-0.174946,47.936,948.367,972,139.946,-0.16887,46.3867,6
takut,37.2558,-5.98,1.56,-90,33.21,-1.49035,439.457,595.5,-0.459945,339.265,-0.789927,448.436,458,-0.0330938,288.997,895.723,909,136.022,-0.0976059,43.1846,909.128,926,137.448,-0.122754,44.0104,938.809,957,140.798,-0.129202,45.5487,510.66,500,255.106,0.0417849,-0.807864,930.489,958,140.259,-0.196142,44.5719,924.574,958,141.317,-0.236528,41.9926,978.745,1000,145.716,-0.145868,47.0038,934.468,964,144.425,-0.204479,40.0393,940.83,956,141.426,-0.107266,45.1031,930.723,960,142.007,-0.206164,42.3137,6
takut,29.4329,-8.13,3.64,-90,32.84,-1.49859,456.112,598.5,-0.403186,353.157,-0.539385,441.652,465,-0.0868723,268.762,897.957,908,136.168,-0.073751,43.4502,901.83,911,136.151,-0.0673532,44.2803,948.128,966,141.51,-0.126297,46.5008,525.298,334,237.957,0.803918,-0.366832,942.106,958,140.864,-0.112829,46.1452,948.255,971,142.941,-0.15912,44.5684,978.745,1000,145.716,-0.145868,47.0038,932.043,953,142.328,-0.147247,42.1591,957.681,978,142.908,-0.142184,46.5417,956.128,986,144.666,-0.206491,43.8634,6
takut,28.9275,-2.49,1.99,88.57,35.68,-1.64057,540.456,738,-0.49913,395.777,-1.31982,578.068,630,-0.173942,298.56,918.712,922,133.368,-0.024657,46.2809,952,973,135.344,-0.15516,50.583,962.173,984,137.06,-0.159251,50.1644,390.538,385,270.108,0.0205046,-1.09465,971.327,1000,138.295,-0.207332,50.2715,887.712,901,134.432,-0.098849,38.6247,980.788,1000,138.536,-0.138675,52.0005,875.231,899,137.97,-0.172279,32.4623,966.885,1000,137.625,-0.240621,50.3298,879.288,897,135.819,-0.130405,35.4522,6
takut,27.5877,-7.77,1.04,88.26,31.26,-1.61711,451.216,532.5,-0.224154,362.628,-0.664353,479.832,478,0.00678013,270.201,908.574,916,139.031,-0.0534093,41.7939,950.021,970,142.88,-0.139829,45.0078,955.894,974,142.853,-0.126748,46.2472,149.085,91,143.637,0.404389,27.5143,951.936,958,143.127,-0.0423669,45.065,845.149,857,129.029,-0.0918483,42.2285,978.745,1000,145.716,-0.145868,47.0038,871.83,902,133.746,-0.225578,41.3375,964.702,978,144.005,-0.0923432,46.475,854.043,864,129.912,-0.0766476,42.8842,6
